,0
0,IMG37_S7_W1_A4_C5.jpg
1,IMG46_S1_W0_A1_C2.jpg
2,IMG90_S2_W1_A1_C8.jpg
3,IMG16_S8_W0_A10_C3.jpg
4,IMG50_S8_W0_A8_C3.jpg
5,IMG82_S2_W0_A3_C3.jpg
6,IMG79_S7_W0_A7_C7.jpg
7,IMG67_S5_W0_A5_C5.jpg
8,IMG1_S8_W1_A9_C7.jpg
9,IMG14_S2_W0_A8_C2.jpg
10,IMG93_S5_W1_A1_C8.jpg
11,IMG24_S8_W1_A9_C3.jpg
12,IMG62_S6_W0_A3_C10.jpg
13,IMG34_S3_W0_A7_C4.jpg
14,IMG17_S6_W1_A4_C7.jpg
15,IMG27_S4_W0_A4_C4.jpg
16,IMG66_S6_W0_A7_C8.jpg
17,IMG32_S3_W0_A1_C6.jpg
18,IMG41_S5_W1_A10_C3.jpg
19,IMG43_S7_W0_A4_C6.jpg
20,IMG99_S7_W1_A8_C7.jpg
21,IMG55_S3_W0_A3_C8.jpg
22,IMG52_S9_W0_A9_C2.jpg
23,IMG8_S4_W0_A2_C8.jpg
24,IMG5_S3_W0_A2_C4.jpg
25,IMG88_S1_W1_A1_C6.jpg
26,IMG84_S8_W0_A6_C5.jpg
27,IMG9_S1_W1_A2_C1.jpg
28,IMG23_S4_W0_A3_C4.jpg
29,IMG86_S6_W0_A8_C4.jpg
30,IMG69_S4_W0_A2_C7.jpg
31,IMG97_S7_W1_A8_C6.jpg
32,IMG2_S3_W1_A4_C3.jpg
33,IMG92_S9_W0_A7_C1.jpg
34,IMG58_S5_W1_A2_C9.jpg
35,IMG78_S1_W1_A2_C2.jpg
36,IMG47_S1_W0_A1_C9.jpg
37,IMG15_S8_W0_A8_C7.jpg
38,IMG77_S8_W0_A6_C5.jpg
39,IMG7_S5_W0_A2_C10.jpg
40,IMG25_S9_W1_A10_C6.jpg
41,IMG45_S2_W0_A2_C5.jpg
42,IMG28_S6_W1_A7_C6.jpg
43,IMG56_S5_W0_A5_C5.jpg
44,IMG48_S2_W1_A1_C8.jpg
45,IMG4_S4_W0_A4_C8.jpg
46,IMG75_S9_W1_A8_C3.jpg
47,IMG30_S5_W0_A5_C4.jpg
48,IMG49_S1_W1_A2_C8.jpg
49,IMG35_S4_W0_A3_C7.jpg
50,IMG96_S1_W0_A1_C8.jpg
51,IMG83_S4_W1_A2_C6.jpg
52,IMG11_S3_W0_A7_C7.jpg
53,IMG21_S8_W1_A8_C7.jpg
54,IMG40_S8_W1_A8_C4.jpg
55,IMG80_S4_W0_A2_C8.jpg
56,IMG61_S2_W1_A1_C4.jpg
57,IMG51_S1_W1_A4_C5.jpg
58,IMG38_S4_W0_A4_C8.jpg
59,IMG39_S2_W0_A1_C2.jpg
60,IMG102_S9_W0_A4_C9.jpg
61,IMG33_S5_W0_A8_C4.jpg
62,IMG89_S5_W0_A3_C8.jpg
63,IMG19_S3_W0_A1_C8.jpg
64,IMG94_S1_W0_A1_C9.jpg
65,IMG81_S7_W0_A3_C9.jpg
66,IMG10_S7_W0_A5_C8.jpg
67,IMG18_S4_W1_A2_C9.jpg
68,IMG12_S4_W0_A3_C8.jpg
69,IMG29_S6_W0_A9_C7.jpg
70,IMG71_S2_W1_A1_C9.jpg
71,IMG57_S9_W0_A8_C8.jpg
72,IMG98_S2_W0_A8_C4.jpg
73,IMG65_S10_W0_A10_C7.jpg
74,IMG53_S7_W1_A7_C7.jpg
75,IMG54_S2_W1_A9_C1.jpg
76,IMG44_S2_W0_A1_C4.jpg
77,IMG60_S6_W0_A5_C2.jpg
78,IMG95_S5_W0_A4_C8.jpg
79,IMG85_S7_W0_A5_C5.jpg
